Scenario,Plain_SE,CV_SE,SE_Reduction_Ratio
Baseline,0.00017125475783285587,5.365716878036225e-05,3.191647299429124
High Vol of Vol,0.00034511530675007435,7.386614147387136e-05,4.672171848480158
Strong Neg Correlation,0.00017109566751538182,5.356016040599633e-05,3.1944577129426746
Longer Maturity,0.00012514851788760902,4.271374666251868e-05,2.929935387696319
