n_paths,plain_se,cv_se,se_reduction,plain_runtime,cv_runtime
5000,0.00033280724339813895,0.00010500640696636737,3.1693994015501756,0.005822181701660156,0.004561901092529297
10000,0.00023923166802542479,7.532528790987807e-05,3.175980798263265,0.004893302917480469,0.00957489013671875
20000,0.00017125475783285587,5.365716878036225e-05,3.191647299429124,0.02317190170288086,0.019189834594726562
50000,0.00010531382902109559,3.3598869055158335e-05,3.1344456519713444,0.06107640266418457,0.04768085479736328
100000,7.532558487712065e-05,2.3886910335723857e-05,3.153425194738063,0.18839597702026367,0.2769198417663574
