n_paths,plain_se,cv_se,se_reduction,plain_runtime,cv_runtime
5000,0.00033280724339813895,0.00010500640696636737,3.1693994015501756,0.006109952926635742,0.004716157913208008
10000,0.00023923166802542479,7.532528790987807e-05,3.175980798263265,0.004871845245361328,0.009671211242675781
20000,0.00017125475783285587,5.365716878036225e-05,3.191647299429124,0.023310184478759766,0.01932215690612793
50000,0.00010531382902109559,3.3598869055158335e-05,3.1344456519713444,0.07138872146606445,0.08284711837768555
100000,7.532558487712065e-05,2.3886910335723857e-05,3.153425194738063,0.24824762344360352,0.3390510082244873
